{
    "6": {
        "cz": 0.62158203125,
        "rzz": 0.21044921874999983
    },
    "8": {
        "cz": 0.5270996093750002,
        "rzz": 0.35058593749999994
    },
    "10": {
        "cz": 0.3948242187499949,
        "rzz": 0.1842773437500043
    },
    "12": {
        "cz": 0.30144042968751145,
        "rzz": 0.12463378906249027
    }
}
